date,global_activity
01/01/68,"-12,75"
01/02/68,"-9,43"
01/03/68,"-11,26"
01/04/68,"-11,38"
01/05/68,"-10,65"
01/06/68,"-7,70"
01/07/68,"-12,33"
01/08/68,"-15,95"
01/09/68,"-15,18"
01/10/68,"-20,11"
01/11/68,"-8,86"
01/12/68,"-16,54"
01/01/69,"-18,90"
01/02/69,"-18,11"
01/03/69,"-16,99"
01/04/69,"-22,83"
01/05/69,"-27,72"
01/06/69,"-18,75"
01/07/69,"-26,54"
01/08/69,"-21,95"
01/09/69,"-14,39"
01/10/69,"-6,62"
01/11/69,"-0,93"
01/12/69,"3,73"
01/01/70,"25,26"
01/02/70,"39,51"
01/03/70,"53,59"
01/04/70,"54,91"
01/05/70,"56,45"
01/06/70,"51,95"
01/07/70,"47,54"
01/08/70,"53,46"
01/09/70,"58,78"
01/10/70,"59,22"
01/11/70,"54,08"
01/12/70,"16,43"
01/01/71,"7,64"
01/02/71,"-16,31"
01/03/71,"-18,06"
01/04/71,"-23,31"
01/05/71,"-30,04"
01/06/71,"-53,63"
01/07/71,"-59,84"
01/08/71,"-63,79"
01/09/71,"-50,35"
01/10/71,"-60,08"
01/11/71,"-43,84"
01/12/71,"-48,31"
01/01/72,"-60,31"
01/02/72,"-67,16"
01/03/72,"-69,73"
01/04/72,"-60,53"
01/05/72,"-64,47"
01/06/72,"-67,21"
01/07/72,"-57,02"
01/08/72,"-63,38"
01/09/72,"-9,04"
01/10/72,"-6,14"
01/11/72,"-5,00"
01/12/72,"9,00"
01/01/73,"20,48"
01/02/73,"29,22"
01/03/73,"38,34"
01/04/73,"42,74"
01/05/73,"50,02"
01/06/73,"57,48"
01/07/73,"58,95"
01/08/73,"69,47"
01/09/73,"80,90"
01/10/73,"106,82"
01/11/73,"103,85"
01/12/73,"113,86"
01/01/74,"105,39"
01/02/74,"88,45"
01/03/74,"98,04"
01/04/74,"86,06"
01/05/74,"103,82"
01/06/74,"82,15"
01/07/74,"61,85"
01/08/74,"58,49"
01/09/74,"60,24"
01/10/74,"61,39"
01/11/74,"58,81"
01/12/74,"21,65"
01/01/75,"-0,91"
01/02/75,"-9,86"
01/03/75,"-26,66"
01/04/75,"-41,41"
01/05/75,"-44,08"
01/06/75,"-36,93"
01/07/75,"-41,92"
01/08/75,"-45,63"
01/09/75,"-34,42"
01/10/75,"-34,01"
01/11/75,"-24,11"
01/12/75,"-35,73"
01/01/76,"-46,03"
01/02/76,"-50,29"
01/03/76,"-32,56"
01/04/76,"-28,97"
01/05/76,"-19,38"
01/06/76,"-16,25"
01/07/76,"-21,56"
01/08/76,"-24,04"
01/09/76,"-24,77"
01/10/76,"-20,86"
01/11/76,"-19,43"
01/12/76,"-35,83"
01/01/77,"-49,22"
01/02/77,"-45,13"
01/03/77,"-45,46"
01/04/77,"-43,58"
01/05/77,"-35,83"
01/06/77,"-40,61"
01/07/77,"-44,41"
01/08/77,"-47,11"
01/09/77,"-47,27"
01/10/77,"-33,04"
01/11/77,"-33,52"
01/12/77,"-38,09"
01/01/78,"-38,56"
01/02/78,"-38,87"
01/03/78,"-39,34"
01/04/78,"-39,96"
01/05/78,"-22,86"
01/06/78,"-17,29"
01/07/78,"-25,90"
01/08/78,"-26,34"
01/09/78,"-14,07"
01/10/78,"-18,11"
01/11/78,"-4,08"
01/12/78,"-7,09"
01/01/79,"-16,36"
01/02/79,"-10,91"
01/03/79,"6,99"
01/04/79,"8,97"
01/05/79,"28,77"
01/06/79,"46,06"
01/07/79,"54,08"
01/08/79,"36,99"
01/09/79,"43,56"
01/10/79,"43,49"
01/11/79,"49,00"
01/12/79,"35,19"
01/01/80,"34,57"
01/02/80,"39,92"
01/03/80,"41,90"
01/04/80,"60,23"
01/05/80,"63,39"
01/06/80,"56,63"
01/07/80,"44,52"
01/08/80,"53,27"
01/09/80,"54,52"
01/10/80,"54,41"
01/11/80,"64,24"
01/12/80,"67,88"
01/01/81,"63,57"
01/02/81,"61,38"
01/03/81,"49,86"
01/04/81,"45,51"
01/05/81,"35,44"
01/06/81,"40,70"
01/07/81,"32,35"
01/08/81,"14,76"
01/09/81,"12,69"
01/10/81,"15,22"
01/11/81,"14,26"
01/12/81,"7,31"
01/01/82,"2,74"
01/02/82,"-6,60"
01/03/82,"2,62"
01/04/82,"10,57"
01/05/82,"7,42"
01/06/82,"-16,92"
01/07/82,"-41,21"
01/08/82,"-43,56"
01/09/82,"-27,75"
01/10/82,"-27,19"
01/11/82,"-24,59"
01/12/82,"-19,84"
01/01/83,"-17,81"
01/02/83,"-12,93"
01/03/83,"-10,04"
01/04/83,"-7,35"
01/05/83,"-7,56"
01/06/83,"-22,49"
01/07/83,"-33,75"
01/08/83,"-34,79"
01/09/83,"-31,77"
01/10/83,"-28,80"
01/11/83,"-21,42"
01/12/83,"-31,74"
01/01/84,"-29,88"
01/02/84,"-23,25"
01/03/84,"-19,00"
01/04/84,"-15,03"
01/05/84,"-15,66"
01/06/84,"-24,51"
01/07/84,"-29,40"
01/08/84,"-28,55"
01/09/84,"-25,41"
01/10/84,"-24,13"
01/11/84,"-16,59"
01/12/84,"-19,75"
01/01/85,"-23,30"
01/02/85,"-27,63"
01/03/85,"-25,90"
01/04/85,"-20,92"
01/05/85,"-24,94"
01/06/85,"-34,44"
01/07/85,"-50,18"
01/08/85,"-57,64"
01/09/85,"-50,09"
01/10/85,"-37,02"
01/11/85,"-36,20"
01/12/85,"-36,05"
01/01/86,"-37,80"
01/02/86,"-51,75"
01/03/86,"-55,39"
01/04/86,"-61,56"
01/05/86,"-66,39"
01/06/86,"-69,35"
01/07/86,"-80,98"
01/08/86,"-78,31"
01/09/86,"-54,27"
01/10/86,"-48,82"
01/11/86,"-51,14"
01/12/86,"-60,13"
01/01/87,"-46,53"
01/02/87,"-41,81"
01/03/87,"-35,10"
01/04/87,"-25,20"
01/05/87,"-19,45"
01/06/87,"-30,74"
01/07/87,"-33,68"
01/08/87,"-18,80"
01/09/87,"-22,34"
01/10/87,"-17,34"
01/11/87,"-12,33"
01/12/87,"-5,14"
01/01/88,"2,88"
01/02/88,"14,13"
01/03/88,"19,22"
01/04/88,"11,68"
01/05/88,"5,23"
01/06/88,"-5,08"
01/07/88,"-11,43"
01/08/88,"-9,37"
01/09/88,"-4,82"
01/10/88,"-1,91"
01/11/88,"7,87"
01/12/88,"11,34"
01/01/89,"17,81"
01/02/89,"12,25"
01/03/89,"17,57"
01/04/89,"17,00"
01/05/89,"21,56"
01/06/89,"3,15"
01/07/89,"1,07"
01/08/89,"2,46"
01/09/89,"3,93"
01/10/89,"10,64"
01/11/89,"18,18"
01/12/89,"14,60"
01/01/90,"16,53"
01/02/90,"13,10"
01/03/90,"12,54"
01/04/90,"2,71"
01/05/90,"-6,20"
01/06/90,"-15,02"
01/07/90,"-25,01"
01/08/90,"-15,99"
01/09/90,"-18,59"
01/10/90,"-14,57"
01/11/90,"-9,61"
01/12/90,"-0,33"
01/01/91,"0,30"
01/02/91,"10,05"
01/03/91,"17,99"
01/04/91,"10,54"
01/05/91,"14,38"
01/06/91,"16,56"
01/07/91,"8,09"
01/08/91,"2,93"
01/09/91,"6,03"
01/10/91,"10,38"
01/11/91,"10,97"
01/12/91,"5,53"
01/01/92,"2,66"
01/02/92,"-10,70"
01/03/92,"-18,02"
01/04/92,"-21,84"
01/05/92,"-14,17"
01/06/92,"-22,18"
01/07/92,"-31,60"
01/08/92,"-31,55"
01/09/92,"-32,92"
01/10/92,"-32,33"
01/11/92,"-19,56"
01/12/92,"-7,75"
01/01/93,"-12,38"
01/02/93,"-10,21"
01/03/93,"-2,09"
01/04/93,"1,94"
01/05/93,"8,02"
01/06/93,"4,68"
01/07/93,"-6,80"
01/08/93,"-6,12"
01/09/93,"-3,95"
01/10/93,"-7,49"
01/11/93,"-13,07"
01/12/93,"-18,25"
01/01/94,"-18,73"
01/02/94,"-24,81"
01/03/94,"-25,43"
01/04/94,"-13,21"
01/05/94,"-0,31"
01/06/94,"-9,64"
01/07/94,"-5,66"
01/08/94,"-0,41"
01/09/94,"3,27"
01/10/94,"19,61"
01/11/94,"22,45"
01/12/94,"29,21"
01/01/95,"30,31"
01/02/95,"28,87"
01/03/95,"38,69"
01/04/95,"41,24"
01/05/95,"40,81"
01/06/95,"29,35"
01/07/95,"27,57"
01/08/95,"33,41"
01/09/95,"29,59"
01/10/95,"13,68"
01/11/95,"10,04"
01/12/95,"8,13"
01/01/96,"3,10"
01/02/96,"-4,50"
01/03/96,"-8,28"
01/04/96,"-3,49"
01/05/96,"-6,30"
01/06/96,"-16,98"
01/07/96,"-29,91"
01/08/96,"-32,77"
01/09/96,"-38,22"
01/10/96,"-28,92"
01/11/96,"-4,45"
01/12/96,"-2,01"
01/01/97,"-3,66"
01/02/97,"-5,34"
01/03/97,"-2,90"
01/04/97,"-9,18"
01/05/97,"-16,61"
01/06/97,"-17,10"
01/07/97,"-11,93"
01/08/97,"-15,51"
01/09/97,"-15,36"
01/10/97,"-13,31"
01/11/97,"-20,07"
01/12/97,"-20,12"
01/01/98,"-26,69"
01/02/98,"-42,53"
01/03/98,"-35,50"
01/04/98,"-42,42"
01/05/98,"-42,80"
01/06/98,"-51,71"
01/07/98,"-58,36"
01/08/98,"-63,31"
01/09/98,"-54,47"
01/10/98,"-42,46"
01/11/98,"-44,99"
01/12/98,"-57,19"
01/01/99,"-62,77"
01/02/99,"-58,58"
01/03/99,"-43,91"
01/04/99,"-48,96"
01/05/99,"-34,84"
01/06/99,"-41,89"
01/07/99,"-43,36"
01/08/99,"-36,61"
01/09/99,"-27,73"
01/10/99,"-12,18"
01/11/99,"-12,56"
01/12/99,"-11,96"
01/01/00,"-10,02"
01/02/00,"-8,68"
01/03/00,"6,00"
01/04/00,"9,09"
01/05/00,"5,10"
01/06/00,"3,87"
01/07/00,"5,56"
01/08/00,"7,02"
01/09/00,"11,02"
01/10/00,"12,29"
01/11/00,"11,59"
01/12/00,"4,74"
01/01/01,"1,63"
01/02/01,"-4,15"
01/03/01,"-2,49"
01/04/01,"-6,78"
01/05/01,"-6,50"
01/06/01,"-11,58"
01/07/01,"-24,42"
01/08/01,"-45,09"
01/09/01,"-48,95"
01/10/01,"-53,61"
01/11/01,"-58,29"
01/12/01,"-56,33"
01/01/02,"-49,55"
01/02/02,"-46,49"
01/03/02,"-36,22"
01/04/02,"-35,38"
01/05/02,"-39,49"
01/06/02,"-43,13"
01/07/02,"-43,89"
01/08/02,"-42,59"
01/09/02,"-26,07"
01/10/02,"-11,73"
01/11/02,"-5,00"
01/12/02,"8,20"
01/01/03,"9,60"
01/02/03,"8,03"
01/03/03,"18,03"
01/04/03,"29,52"
01/05/03,"37,64"
01/06/03,"33,34"
01/07/03,"35,77"
01/08/03,"39,70"
01/09/03,"47,00"
01/10/03,"99,76"
01/11/03,"101,95"
01/12/03,"109,95"
01/01/04,"122,31"
01/02/04,"126,40"
01/03/04,"120,32"
01/04/04,"106,96"
01/05/04,"84,53"
01/06/04,"62,88"
01/07/04,"89,32"
01/08/04,"99,28"
01/09/04,"98,46"
01/10/04,"107,28"
01/11/04,"122,64"
01/12/04,"126,69"
01/01/05,"106,54"
01/02/05,"106,96"
01/03/05,"109,93"
01/04/05,"106,62"
01/05/05,"85,66"
01/06/05,"56,96"
01/07/05,"35,14"
01/08/05,"34,11"
01/09/05,"56,85"
01/10/05,"68,85"
01/11/05,"61,45"
01/12/05,"50,15"
01/01/06,"35,78"
01/02/06,"43,64"
01/03/06,"49,81"
01/04/06,"44,18"
01/05/06,"43,11"
01/06/06,"53,74"
01/07/06,"64,89"
01/08/06,"83,58"
01/09/06,"93,36"
01/10/06,"93,70"
01/11/06,"97,76"
01/12/06,"100,81"
01/01/07,"103,67"
01/02/07,"102,01"
01/03/07,"116,92"
01/04/07,"128,40"
01/05/07,"138,83"
01/06/07,"128,40"
01/07/07,"141,37"
01/08/07,"150,57"
01/09/07,"167,85"
01/10/07,"187,25"
01/11/07,"187,76"
01/12/07,"180,88"
01/01/08,"148,91"
01/02/08,"144,62"
01/03/08,"160,38"
01/04/08,"163,06"
01/05/08,"189,53"
01/06/08,"182,97"
01/07/08,"168,76"
01/08/08,"150,25"
01/09/08,"110,59"
01/10/08,"10,40"
01/11/08,"-66,84"
01/12/08,"-75,58"
01/01/09,"-55,94"
01/02/09,"13,51"
01/03/09,"21,30"
01/04/09,"4,80"
01/05/09,"47,41"
01/06/09,"87,64"
01/07/09,"74,99"
01/08/09,"52,34"
01/09/09,"39,03"
01/10/09,"54,42"
01/11/09,"90,39"
01/12/09,"80,67"
01/01/10,"68,77"
01/02/10,"52,23"
01/03/10,"70,39"
01/04/10,"65,29"
01/05/10,"88,72"
01/06/10,"67,18"
01/07/10,"19,12"
01/08/10,"43,30"
01/09/10,"54,46"
01/10/10,"53,32"
01/11/10,"38,37"
01/12/10,"24,79"
01/01/11,"-12,50"
01/02/11,"-29,74"
01/03/11,"-6,64"
01/04/11,"-17,53"
01/05/11,"-16,98"
01/06/11,"-11,01"
01/07/11,"-15,94"
01/08/11,"-14,54"
01/09/11,"13,70"
01/10/11,"25,68"
01/11/11,"13,51"
01/12/11,"15,46"
01/01/12,"-43,31"
01/02/12,"-82,51"
01/03/12,"-62,47"
01/04/12,"-45,23"
01/05/12,"-37,24"
01/06/12,"-53,10"
01/07/12,"-41,01"
01/08/12,"-74,25"
01/09/12,"-81,88"
01/10/12,"-52,19"
01/11/12,"-44,55"
01/12/12,"-62,39"
01/01/13,"-72,90"
01/02/13,"-76,65"
01/03/13,"-59,99"
01/04/13,"-59,85"
01/05/13,"-62,35"
01/06/13,"-52,46"
01/07/13,"-34,74"
01/08/13,"-37,99"
01/09/13,"5,61"
01/10/13,"17,11"
01/11/13,"-1,81"
01/12/13,"31,55"
01/01/14,"-7,68"
01/02/14,"-33,23"
01/03/14,"-6,87"
01/04/14,"-41,94"
01/05/14,"-47,25"
01/06/14,"-55,62"
01/07/14,"-69,17"
01/08/14,"-52,62"
01/09/14,"-34,38"
01/10/14,"-36,15"
01/11/14,"-16,74"
01/12/14,"-54,41"
01/01/15,"-76,27"
01/02/15,"-105,95"
01/03/15,"-99,49"
01/04/15,"-96,79"
01/05/15,"-96,00"
01/06/15,"-80,33"
01/07/15,"-47,02"
01/08/15,"-38,00"
01/09/15,"-55,76"
01/10/15,"-67,08"
01/11/15,"-97,93"
01/12/15,"-109,12"
01/01/16,"-138,47"
01/02/16,"-161,18"
01/03/16,"-139,09"
01/04/16,"-93,26"
01/05/16,"-91,30"
01/06/16,"-93,37"
01/07/16,"-77,99"
01/08/16,"-83,01"
01/09/16,"-62,39"
01/10/16,"-57,66"
01/11/16,"-36,57"
01/12/16,"-38,76"
01/01/17,"-53,57"
01/02/17,"-71,33"
01/03/17,"-30,38"
01/04/17,"-23,52"
01/05/17,"-46,04"
01/06/17,"-58,27"
01/07/17,"-52,94"
01/08/17,"-30,04"
01/09/17,"-12,63"
01/10/17,"-4,06"
01/11/17,"-6,22"
01/12/17,"4,47"
01/01/18,"-22,27"
01/02/18,"-32,31"
01/03/18,"-29,58"
01/04/18,"-31,86"
01/05/18,"-18,35"
01/06/18,"-13,82"
01/07/18,"6,19"
01/08/18,"9,75"
01/09/18,"-6,98"
01/10/18,"-0,50"
01/11/18,"-26,20"
01/12/18,"-14,77"
01/01/19,"-37,31"
01/02/19,"-89,91"
01/03/19,"-82,32"
01/04/19,"-69,71"
01/05/19,"-40,29"
01/06/19,"-27,58"
01/07/19,"18,91"
01/08/19,"24,80"
01/09/19,"37,72"
01/10/19,"16,50"
01/11/19,"-8,83"
01/12/19,"-11,67"
01/01/20,"-79,50"
01/02/20,"-121,29"
01/03/20,"-94,15"
01/04/20,"-83,22"
01/05/20,"-113,55"
01/06/20,"-28,70"
01/07/20,"6,37"
01/08/20,"-1,27"
01/09/20,"-8,54"
01/10/20,"5,99"
01/11/20,"-26,43"
01/12/20,"-21,42"
01/01/21,"7,23"
01/02/21,"-2,95"
01/03/21,"26,35"
01/04/21,"46,31"
01/05/21,"63,88"
01/06/21,"62,09"
01/07/21,"70,17"
01/08/21,"85,48"
01/09/21,"99,41"
01/10/21,"110,31"
01/11/21,"54,59"
01/12/21,"55,93"
01/01/22,"7,98"
01/02/22,"11,57"
01/03/22,"40,11"
01/04/22,"29,54"
01/05/22,"56,95"
01/06/22,"35,02"
01/07/22,"21,20"
01/08/22,"-17,28"
01/09/22,"-12,36"
01/10/22,"7,12"
01/11/22,"-26,36"
01/12/22,"-15,01"
01/01/23,"-62,28"
01/02/23,"-94,76"
01/03/23,"-18,51"
01/04/23,"-13,83"
01/05/23,"-18,25"
01/06/23,"-45,21"
01/07/23,"-49,19"
01/08/23,"-39,45"
01/09/23,"-20,51"
01/10/23,"8,87"
01/11/23,"6,89"
01/12/23,"39,51"
01/01/24,"-5,71"
01/02/24,"20,71"
01/03/24,"26,05"
01/04/24,"0,54"
01/05/24,"9,71"
01/06/24,"11,33"
01/07/24,"11,49"
01/08/24,"0,00"
01/09/24,"13,51"
01/10/24,"-3,06"
01/11/24,"-11,10"
01/12/24,"-45,01"
01/01/25,"-61,96"
01/02/25,"-66,19"
01/03/25,"-11,97"
01/04/25,"-23,65"
01/05/25,"-25,14"
01/06/25,"-2,41"
01/07/25,"5,13"
01/08/25,"14,43"
01/09/25,"20,32"
01/10/25,"14,13"
01/11/25,"23,19"
01/12/25,"29,92"
01/01/26,"2,43"
01/02/26,"16,18"
