date ,volume
"jan 07, 1983",8634
"jan 14, 1983",8634
"jan 21, 1983",8634
"jan 28, 1983",8634
"fev 04, 1983",8660
"fev 11, 1983",8660
"fev 18, 1983",8660
"fev 25, 1983",8660
"mar 04, 1983",8677
"mar 11, 1983",8677
"mar 18, 1983",8677
"mar 25, 1983",8677
"abr 01, 1983",8677
"abr 08, 1983",8686
"abr 15, 1983",8686
"abr 29, 1983",8686
"mai 13, 1983",8682
"mai 20, 1983",8682
"jun 03, 1983",8676
"jun 10, 1983",8676
"jun 17, 1983",8676
"jun 24, 1983",8676
"jul 01, 1983",8676
"jul 08, 1983",8647
"jul 15, 1983",8647
"jul 22, 1983",8647
"jul 29, 1983",8647
"ago 05, 1983",8653
"ago 12, 1983",8653
"ago 19, 1983",8653
"ago 26, 1983",8653
"set 02, 1983",8666
"set 09, 1983",8666
"set 16, 1983",8666
"set 23, 1983",8666
"set 30, 1983",8666
"out 07, 1983",8654
"out 14, 1983",8654
"out 21, 1983",8654
"out 28, 1983",8654
"nov 04, 1983",8624
"nov 11, 1983",8624
"nov 18, 1983",8624
"nov 25, 1983",8624
"dez 02, 1983",8612
"dez 09, 1983",8612
"dez 16, 1983",8612
"dez 23, 1983",8612
"dez 30, 1983",8612
"jan 06, 1984",8659
"jan 13, 1984",8659
"jan 20, 1984",8659
"jan 27, 1984",8659
"fev 03, 1984",8726
"fev 10, 1984",8726
"fev 17, 1984",8726
"fev 24, 1984",8726
"mar 02, 1984",8718
"mar 09, 1984",8718
"mar 16, 1984",8718
"mar 23, 1984",8718
"mar 30, 1984",8718
"abr 06, 1984",8688
"abr 13, 1984",8688
"abr 20, 1984",8688
"abr 27, 1984",8688
"mai 04, 1984",8753
"mai 11, 1984",8753
"mai 18, 1984",8753
"mai 25, 1984",8753
"jun 01, 1984",8743
"jun 08, 1984",8743
"jun 15, 1984",8743
"jun 22, 1984",8743
"jun 29, 1984",8743
"jul 06, 1984",8769
"jul 13, 1984",8769
"jul 20, 1984",8769
"jul 27, 1984",8769
"ago 03, 1984",8781
"ago 10, 1984",8781
"ago 17, 1984",8781
"ago 24, 1984",8781
"ago 31, 1984",8781
"set 07, 1984",8759
"set 14, 1984",8759
"set 21, 1984",8759
"set 28, 1984",8759
"out 05, 1984",8847
"out 12, 1984",8847
"out 19, 1984",8847
"out 26, 1984",8847
"nov 02, 1984",8846
"nov 09, 1984",8846
"nov 16, 1984",8846
"nov 23, 1984",8846
"nov 30, 1984",8846
"dez 07, 1984",8797
"dez 14, 1984",8797
"dez 21, 1984",8797
"dez 28, 1984",8797
"jan 04, 1985",8929
"jan 11, 1985",8929
"jan 18, 1985",8929
"jan 25, 1985",8929
"fev 01, 1985",8928
"fev 08, 1985",8928
"fev 15, 1985",8928
"fev 22, 1985",8928
"mar 01, 1985",8927
"mar 08, 1985",8927
"mar 15, 1985",8927
"mar 22, 1985",8927
"mar 29, 1985",8927
"abr 05, 1985",8842
"abr 12, 1985",8842
"abr 19, 1985",8842
"abr 26, 1985",8842
"mai 03, 1985",8969
"mai 10, 1985",8969
"mai 17, 1985",8969
"mai 24, 1985",8969
"mai 31, 1985",8969
"jun 07, 1985",8965
"jun 14, 1985",8965
"jun 21, 1985",8965
"jun 28, 1985",8965
"jul 05, 1985",8904
"jul 12, 1985",8904
"jul 19, 1985",8904
"jul 26, 1985",8904
"ago 02, 1985",8895
"ago 09, 1985",8895
"ago 16, 1985",8895
"ago 23, 1985",8895
"ago 30, 1985",8895
"set 06, 1985",8874
"set 13, 1985",8874
"set 20, 1985",8874
"set 27, 1985",8874
"out 04, 1985",8943
"out 11, 1985",8943
"out 18, 1985",8943
"out 25, 1985",8943
"nov 01, 1985",8932
"nov 08, 1985",8932
"nov 15, 1985",8932
"nov 22, 1985",8932
"nov 29, 1985",8932
"dez 06, 1985",8930
"dez 13, 1985",8930
"dez 20, 1985",8930
"dez 27, 1985",8930
"jan 03, 1986",8942
"jan 10, 1986",8942
"jan 17, 1986",8942
"jan 24, 1986",8942
"jan 31, 1986",8942
"fev 07, 1986",8940
"fev 14, 1986",8940
"fev 21, 1986",8940
"fev 28, 1986",8939
"mar 07, 1986",8939
"mar 14, 1986",8939
"mar 21, 1986",8939
"mar 28, 1986",8939
"abr 04, 1986",8815
"abr 11, 1986",8815
"abr 18, 1986",8815
"abr 25, 1986",8815
"mai 02, 1986",8805
"mai 09, 1986",8805
"mai 16, 1986",8805
"mai 23, 1986",8805
"mai 30, 1986",8805
"jun 06, 1986",8792
"jun 13, 1986",8792
"jun 20, 1986",8792
"jun 27, 1986",8792
"jul 04, 1986",8737
"jul 11, 1986",8737
"jul 18, 1986",8737
"jul 25, 1986",8737
"ago 01, 1986",8737
"ago 08, 1986",8708
"ago 15, 1986",8708
"ago 22, 1986",8708
"ago 29, 1986",8708
"set 05, 1986",8671
"set 12, 1986",8671
"set 19, 1986",8671
"set 26, 1986",8671
"out 03, 1986",8773
"out 10, 1986",8773
"out 17, 1986",8773
"out 24, 1986",8773
"out 31, 1986",8773
"nov 07, 1986",8321
"nov 14, 1986",8321
"nov 21, 1986",8321
"nov 28, 1986",8321
"dez 05, 1986",8348
"dez 12, 1986",8348
"dez 19, 1986",8348
"dez 26, 1986",8348
"jan 02, 1987",8353
"jan 09, 1987",8354
"jan 16, 1987",8354
"jan 23, 1987",8354
"jan 30, 1987",8354
"fev 06, 1987",8383
"fev 13, 1987",8383
"fev 20, 1987",8383
"fev 27, 1987",8383
"mar 06, 1987",8336
"mar 13, 1987",8336
"mar 20, 1987",8336
"mar 27, 1987",8336
"abr 03, 1987",8361
"abr 10, 1987",8361
"abr 17, 1987",8361
"abr 24, 1987",8361
"mai 01, 1987",8361
"mai 08, 1987",8296
"mai 15, 1987",8296
"mai 22, 1987",8296
"mai 29, 1987",8296
"jun 05, 1987",8303
"jun 12, 1987",8303
"jun 19, 1987",8303
"jun 26, 1987",8303
"jul 03, 1987",8287
"jul 10, 1987",8287
"jul 17, 1987",8287
"jul 24, 1987",8287
"jul 31, 1987",8287
"ago 07, 1987",8204
"ago 14, 1987",8204
"ago 21, 1987",8204
"ago 28, 1987",8204
"set 04, 1987",8162
"set 11, 1987",8162
"set 18, 1987",8162
"set 25, 1987",8162
"out 02, 1987",8281
"out 09, 1987",8281
"out 16, 1987",8281
"out 23, 1987",8281
"out 30, 1987",8281
"nov 06, 1987",8283
"nov 13, 1987",8283
"nov 20, 1987",8283
"nov 27, 1987",8283
"dez 04, 1987",8348
"dez 11, 1987",8348
"dez 18, 1987",8348
"dez 25, 1987",8348
"jan 01, 1988",8348
"jan 08, 1988",8395
"jan 15, 1988",8395
"jan 22, 1988",8395
"jan 29, 1988",8395
"fev 05, 1988",8353
"fev 12, 1988",8353
"fev 19, 1988",8353
"fev 26, 1988",8353
"mar 04, 1988",8306
"mar 11, 1988",8306
"mar 18, 1988",8306
"mar 25, 1988",8306
"abr 01, 1988",8306
"abr 08, 1988",8269
"abr 15, 1988",8269
"abr 22, 1988",8269
"abr 29, 1988",8269
"mai 06, 1988",8240
"mai 13, 1988",8240
"mai 20, 1988",8240
"mai 27, 1988",8240
"jun 03, 1988",8210
"jun 10, 1988",8210
"jun 17, 1988",8210
"jun 24, 1988",8210
"jul 01, 1988",8210
"jul 08, 1988",8189
"jul 15, 1988",8189
"jul 22, 1988",8189
"jul 29, 1988",8189
"ago 05, 1988",8128
"ago 12, 1988",8128
"ago 19, 1988",8128
"ago 26, 1988",8128
"set 02, 1988",8147
"set 09, 1988",8147
"set 16, 1988",8147
"set 23, 1988",8147
"set 30, 1988",8147
"out 07, 1988",8085
"out 14, 1988",8085
"out 21, 1988",8085
"out 28, 1988",8085
"nov 04, 1988",8026
"nov 11, 1988",8026
"nov 18, 1988",8026
"nov 25, 1988",8026
"dez 02, 1988",8035
"dez 09, 1988",8035
"dez 16, 1988",8035
"dez 23, 1988",8035
"dez 30, 1988",8035
"jan 06, 1989",8021
"jan 13, 1989",8021
"jan 20, 1989",8021
"jan 27, 1989",8021
"fev 03, 1989",7965
"fev 10, 1989",7965
"fev 17, 1989",7965
"fev 24, 1989",7965
"mar 03, 1989",7921
"mar 10, 1989",7921
"mar 17, 1989",7921
"mar 24, 1989",7921
"mar 31, 1989",7921
"abr 07, 1989",7880
"abr 14, 1989",7880
"abr 21, 1989",7880
"abr 28, 1989",7880
"mai 05, 1989",7843
"mai 12, 1989",7843
"mai 19, 1989",7843
"mai 26, 1989",7843
"jun 02, 1989",7726
"jun 09, 1989",7726
"jun 16, 1989",7726
"jun 23, 1989",7726
"jun 30, 1989",7726
"jul 07, 1989",7622
"jul 14, 1989",7622
"jul 21, 1989",7622
"jul 28, 1989",7622
"ago 04, 1989",7662
"ago 11, 1989",7662
"ago 18, 1989",7662
"ago 25, 1989",7662
"set 01, 1989",7662
"set 08, 1989",7641
"set 15, 1989",7641
"set 22, 1989",7641
"set 29, 1989",7641
"out 06, 1989",7644
"out 13, 1989",7644
"out 20, 1989",7644
"out 27, 1989",7644
"nov 03, 1989",7601
"nov 10, 1989",7601
"nov 17, 1989",7601
"nov 24, 1989",7601
"dez 01, 1989",7601
"dez 08, 1989",7565
"dez 15, 1989",7565
"dez 22, 1989",7565
"dez 29, 1989",7565
"jan 05, 1990",7512
"jan 12, 1990",7512
"jan 19, 1990",7512
"jan 26, 1990",7512
"fev 02, 1990",7399
"fev 09, 1990",7399
"fev 16, 1990",7399
"fev 23, 1990",7399
"mar 02, 1990",7411
"mar 09, 1990",7411
"mar 16, 1990",7411
"mar 23, 1990",7411
"mar 30, 1990",7411
"abr 06, 1990",7310
"abr 13, 1990",7310
"abr 20, 1990",7310
"abr 27, 1990",7310
"mai 04, 1990",7241
"mai 11, 1990",7241
"mai 18, 1990",7241
"mai 25, 1990",7241
"jun 01, 1990",7241
"jun 08, 1990",6981
"jun 15, 1990",6981
"jun 22, 1990",6981
"jun 29, 1990",6981
"jul 06, 1990",7130
"jul 13, 1990",7130
"jul 20, 1990",7130
"jul 27, 1990",7130
"ago 03, 1990",6971
"ago 10, 1990",6971
"ago 17, 1990",6971
"ago 24, 1990",6971
"ago 31, 1990",6971
"set 07, 1990",6991
"set 14, 1990",6991
"set 21, 1990",7041
"set 28, 1990",7041
"out 05, 1990",7261
"out 12, 1990",7261
"out 19, 1990",7261
"out 26, 1990",7329
"nov 02, 1990",7342
"nov 09, 1990",7284
"nov 16, 1990",6910
"nov 23, 1990",7440
"nov 30, 1990",7235
"dez 07, 1990",6996
"dez 14, 1990",7474
"dez 21, 1990",7245
"dez 28, 1990",7559
"jan 04, 1991",7481
"jan 11, 1991",7475
"jan 18, 1991",7461
"jan 25, 1991",7219
"fev 01, 1991",7477
"fev 08, 1991",7463
"fev 15, 1991",7427
"fev 22, 1991",7415
"mar 01, 1991",7404
"mar 08, 1991",7394
"mar 15, 1991",7412
"mar 22, 1991",7385
"mar 29, 1991",7383
"abr 05, 1991",7356
"abr 12, 1991",7334
"abr 19, 1991",7370
"abr 26, 1991",7346
"mai 03, 1991",7295
"mai 10, 1991",7303
"mai 17, 1991",7280
"mai 24, 1991",7336
"mai 31, 1991",7323
"jun 07, 1991",7301
"jun 14, 1991",7359
"jun 21, 1991",7338
"jun 28, 1991",7377
"jul 05, 1991",7383
"jul 12, 1991",7365
"jul 19, 1991",7348
"jul 26, 1991",7355
"ago 02, 1991",7342
"ago 09, 1991",7228
"ago 16, 1991",7302
"ago 23, 1991",7215
"ago 30, 1991",7274
"set 06, 1991",7150
"set 13, 1991",7267
"set 20, 1991",7327
"set 27, 1991",7365
"out 04, 1991",7381
"out 11, 1991",7387
"out 18, 1991",7381
"out 25, 1991",7384
"nov 01, 1991",7359
"nov 08, 1991",7140
"nov 15, 1991",7426
"nov 22, 1991",7388
"nov 29, 1991",7226
"dez 06, 1991",7376
"dez 13, 1991",6731
"dez 20, 1991",7451
"dez 27, 1991",7449
"jan 03, 1992",7422
"jan 10, 1992",7410
"jan 17, 1992",7235
"jan 24, 1992",7343
"jan 31, 1992",7357
"fev 07, 1992",7382
"fev 14, 1992",7364
"fev 21, 1992",7329
"fev 28, 1992",7365
"mar 06, 1992",7357
"mar 13, 1992",7345
"mar 20, 1992",7324
"mar 27, 1992",7283
"abr 03, 1992",7327
"abr 10, 1992",7277
"abr 17, 1992",7353
"abr 24, 1992",7238
"mai 01, 1992",7235
"mai 08, 1992",7248
"mai 15, 1992",7160
"mai 22, 1992",7205
"mai 29, 1992",7219
"jun 05, 1992",7240
"jun 12, 1992",7228
"jun 19, 1992",7218
"jun 26, 1992",7194
"jul 03, 1992",7221
"jul 10, 1992",7125
"jul 17, 1992",7144
"jul 24, 1992",7095
"jul 31, 1992",7059
"ago 07, 1992",7124
"ago 14, 1992",6990
"ago 21, 1992",7120
"ago 28, 1992",6678
"set 04, 1992",6847
"set 11, 1992",6955
"set 18, 1992",7012
"set 25, 1992",7049
"out 02, 1992",7046
"out 09, 1992",7011
"out 16, 1992",7032
"out 23, 1992",7036
"out 30, 1992",7041
"nov 06, 1992",7011
"nov 13, 1992",6954
"nov 20, 1992",6987
"nov 27, 1992",7064
"dez 04, 1992",7074
"dez 11, 1992",7087
"dez 18, 1992",7098
"dez 25, 1992",7053
"jan 01, 1993",6995
"jan 08, 1993",7015
"jan 15, 1993",6994
"jan 22, 1993",7043
"jan 29, 1993",7035
"fev 05, 1993",7031
"fev 12, 1993",7033
"fev 19, 1993",6960
"fev 26, 1993",6981
"mar 05, 1993",7018
"mar 12, 1993",6981
"mar 19, 1993",6979
"mar 26, 1993",6964
"abr 02, 1993",6971
"abr 09, 1993",6883
"abr 16, 1993",6896
"abr 23, 1993",6912
"abr 30, 1993",6913
"mai 07, 1993",6902
"mai 14, 1993",6846
"mai 21, 1993",6818
"mai 28, 1993",6842
"jun 04, 1993",6789
"jun 11, 1993",6817
"jun 18, 1993",6766
"jun 25, 1993",6749
"jul 02, 1993",6742
"jul 09, 1993",6772
"jul 16, 1993",6643
"jul 23, 1993",6540
"jul 30, 1993",6730
"ago 06, 1993",6753
"ago 13, 1993",6761
"ago 20, 1993",6774
"ago 27, 1993",6790
"set 03, 1993",6734
"set 10, 1993",6665
"set 17, 1993",6706
"set 24, 1993",6650
"out 01, 1993",6684
"out 08, 1993",6654
"out 15, 1993",6772
"out 22, 1993",6837
"out 29, 1993",6868
"nov 05, 1993",6872
"nov 12, 1993",6882
"nov 19, 1993",6847
"nov 26, 1993",6878
"dez 03, 1993",6943
"dez 10, 1993",6923
"dez 17, 1993",6897
"dez 24, 1993",6854
"dez 31, 1993",6857
"jan 07, 1994",6875
"jan 14, 1994",6880
"jan 21, 1994",6845
"jan 28, 1994",6886
"fev 04, 1994",6836
"fev 11, 1994",6802
"fev 18, 1994",6546
"fev 25, 1994",6792
"mar 04, 1994",6763
"mar 11, 1994",6704
"mar 18, 1994",6728
"mar 25, 1994",6599
"abr 01, 1994",6683
"abr 08, 1994",6641
"abr 15, 1994",6711
"abr 22, 1994",6292
"abr 29, 1994",6748
"mai 06, 1994",6706
"mai 13, 1994",6657
"mai 20, 1994",6732
"mai 27, 1994",6629
"jun 03, 1994",6695
"jun 10, 1994",6530
"jun 17, 1994",6648
"jun 24, 1994",6656
"jul 01, 1994",6604
"jul 08, 1994",6591
"jul 15, 1994",6618
"jul 22, 1994",6522
"jul 29, 1994",6566
"ago 05, 1994",6582
"ago 12, 1994",6521
"ago 19, 1994",6540
"ago 26, 1994",6583
"set 02, 1994",6552
"set 09, 1994",6545
"set 16, 1994",6526
"set 23, 1994",6595
"set 30, 1994",6640
"out 07, 1994",6692
"out 14, 1994",6703
"out 21, 1994",6703
"out 28, 1994",6633
"nov 04, 1994",6620
"nov 11, 1994",6616
"nov 18, 1994",6668
"nov 25, 1994",6626
"dez 02, 1994",6472
"dez 09, 1994",6670
"dez 16, 1994",6655
"dez 23, 1994",6703
"dez 30, 1994",6675
"jan 06, 1995",6651
"jan 13, 1995",6672
"jan 20, 1995",6571
"jan 27, 1995",6526
"fev 03, 1995",6662
"fev 10, 1995",6595
"fev 17, 1995",6613
"fev 24, 1995",6546
"mar 03, 1995",6660
"mar 10, 1995",6598
"mar 17, 1995",6632
"mar 24, 1995",6474
"mar 31, 1995",6380
"abr 07, 1995",6554
"abr 14, 1995",6597
"abr 21, 1995",6603
"abr 28, 1995",6539
"mai 05, 1995",6604
"mai 12, 1995",6610
"mai 19, 1995",6598
"mai 26, 1995",6626
"jun 02, 1995",6592
"jun 09, 1995",6593
"jun 16, 1995",6560
"jun 23, 1995",6529
"jun 30, 1995",6545
"jul 07, 1995",6518
"jul 14, 1995",6448
"jul 21, 1995",6417
"jul 28, 1995",6484
"ago 04, 1995",6444
"ago 11, 1995",6476
"ago 18, 1995",6475
"ago 25, 1995",6483
"set 01, 1995",6507
"set 08, 1995",6491
"set 15, 1995",6248
"set 22, 1995",6414
"set 29, 1995",6450
"out 06, 1995",6215
"out 13, 1995",6404
"out 20, 1995",6497
"out 27, 1995",6512
"nov 03, 1995",6539
"nov 10, 1995",6516
"nov 17, 1995",6493
"nov 24, 1995",6484
"dez 01, 1995",6450
"dez 08, 1995",6428
"dez 15, 1995",6411
"dez 22, 1995",6467
"dez 29, 1995",6474
"jan 05, 1996",6464
"jan 12, 1996",6498
"jan 19, 1996",6516
"jan 26, 1996",6405
"fev 02, 1996",6413
"fev 09, 1996",6505
"fev 16, 1996",6511
"fev 23, 1996",6501
"mar 01, 1996",6496
"mar 08, 1996",6461
"mar 15, 1996",6490
"mar 22, 1996",6473
"mar 29, 1996",6440
"abr 05, 1996",6441
"abr 12, 1996",6390
"abr 19, 1996",6425
"abr 26, 1996",6173
"mai 03, 1996",6454
"mai 10, 1996",6065
"mai 17, 1996",6363
"mai 24, 1996",6412
"mai 31, 1996",6392
"jun 07, 1996",6421
"jun 14, 1996",6515
"jun 21, 1996",6452
"jun 28, 1996",6489
"jul 05, 1996",6499
"jul 12, 1996",6499
"jul 19, 1996",6345
"jul 26, 1996",6394
"ago 02, 1996",6297
"ago 09, 1996",6286
"ago 16, 1996",6445
"ago 23, 1996",6481
"ago 30, 1996",6526
"set 06, 1996",6497
"set 13, 1996",6498
"set 20, 1996",6467
"set 27, 1996",6520
"out 04, 1996",6485
"out 11, 1996",6485
"out 18, 1996",6523
"out 25, 1996",6514
"nov 01, 1996",6513
"nov 08, 1996",6541
"nov 15, 1996",6531
"nov 22, 1996",6512
"nov 29, 1996",6538
"dez 06, 1996",6534
"dez 13, 1996",6518
"dez 20, 1996",6523
"dez 27, 1996",6506
"jan 03, 1997",6454
"jan 10, 1997",6499
"jan 17, 1997",6476
"jan 24, 1997",6513
"jan 31, 1997",6505
"fev 07, 1997",6483
"fev 14, 1997",6502
"fev 21, 1997",6496
"fev 28, 1997",6501
"mar 07, 1997",6440
"mar 14, 1997",6449
"mar 21, 1997",6391
"mar 28, 1997",6409
"abr 04, 1997",6493
"abr 11, 1997",6433
"abr 18, 1997",6412
"abr 25, 1997",6465
"mai 02, 1997",6409
"mai 09, 1997",6430
"mai 16, 1997",6426
"mai 23, 1997",6423
"mai 30, 1997",6439
"jun 06, 1997",6435
"jun 13, 1997",6415
"jun 20, 1997",6334
"jun 27, 1997",6357
"jul 04, 1997",6338
"jul 11, 1997",6351
"jul 18, 1997",6352
"jul 25, 1997",6337
"ago 01, 1997",6360
"ago 08, 1997",6127
"ago 15, 1997",6221
"ago 22, 1997",6387
"ago 29, 1997",6400
"set 05, 1997",6362
"set 12, 1997",6393
"set 19, 1997",6366
"set 26, 1997",6396
"out 03, 1997",6375
"out 10, 1997",6371
"out 17, 1997",6408
"out 24, 1997",6407
"out 31, 1997",6400
"nov 07, 1997",6418
"nov 14, 1997",6385
"nov 21, 1997",6390
"nov 28, 1997",6416
"dez 05, 1997",6448
"dez 12, 1997",6440
"dez 19, 1997",6463
"dez 26, 1997",6462
"jan 02, 1998",6459
"jan 09, 1998",6430
"jan 16, 1998",6376
"jan 23, 1998",6359
"jan 30, 1998",6377
"fev 06, 1998",6412
"fev 13, 1998",6424
"fev 20, 1998",6415
"fev 27, 1998",6368
"mar 06, 1998",6440
"mar 13, 1998",6420
"mar 20, 1998",6336
"mar 27, 1998",6405
"abr 03, 1998",6443
"abr 10, 1998",6407
"abr 17, 1998",6417
"abr 24, 1998",6397
"mai 01, 1998",6422
"mai 08, 1998",6422
"mai 15, 1998",6378
"mai 22, 1998",6368
"mai 29, 1998",6346
"jun 05, 1998",6333
"jun 12, 1998",6372
"jun 19, 1998",6383
"jun 26, 1998",6269
"jul 03, 1998",6311
"jul 10, 1998",6354
"jul 17, 1998",6351
"jul 24, 1998",6354
"jul 31, 1998",6340
"ago 07, 1998",6336
"ago 14, 1998",6319
"ago 21, 1998",6315
"ago 28, 1998",6346
"set 04, 1998",6349
"set 11, 1998",6366
"set 18, 1998",6411
"set 25, 1998",6396
"out 02, 1998",5950
"out 09, 1998",6368
"out 16, 1998",6418
"out 23, 1998",6442
"out 30, 1998",6417
"nov 06, 1998",6398
"nov 13, 1998",6401
"nov 20, 1998",6399
"nov 27, 1998",6401
"dez 04, 1998",6390
"dez 11, 1998",6390
"dez 18, 1998",6449
"dez 25, 1998",6437
"jan 01, 1999",6342
"jan 08, 1999",6393
"jan 15, 1999",6373
"jan 22, 1999",6352
"jan 29, 1999",6363
"fev 05, 1999",6369
"fev 12, 1999",6052
"fev 19, 1999",5899
"fev 26, 1999",5911
"mar 05, 1999",5920
"mar 12, 1999",5895
"mar 19, 1999",5894
"mar 26, 1999",5864
"abr 02, 1999",5879
"abr 09, 1999",5740
"abr 16, 1999",5849
"abr 23, 1999",5707
"abr 30, 1999",5877
"mai 07, 1999",5835
"mai 14, 1999",5804
"mai 21, 1999",5857
"mai 28, 1999",5845
"jun 04, 1999",5864
"jun 11, 1999",5868
"jun 18, 1999",5926
"jun 25, 1999",5884
"jul 02, 1999",5662
"jul 09, 1999",5808
"jul 16, 1999",5952
"jul 23, 1999",5927
"jul 30, 1999",5898
"ago 06, 1999",5925
"ago 13, 1999",5950
"ago 20, 1999",5970
"ago 27, 1999",5994
"set 03, 1999",6014
"set 10, 1999",5917
"set 17, 1999",5692
"set 24, 1999",5973
"out 01, 1999",6032
"out 08, 1999",6082
"out 15, 1999",6090
"out 22, 1999",6101
"out 29, 1999",6111
"nov 05, 1999",6134
"nov 12, 1999",6128
"nov 19, 1999",6059
"nov 26, 1999",6006
"dez 03, 1999",6087
"dez 10, 1999",6057
"dez 17, 1999",6043
"dez 24, 1999",6058
"dez 31, 1999",6043
"jan 07, 2000",6000
"jan 14, 2000",6019
"jan 21, 2000",6013
"jan 28, 2000",5988
"fev 04, 2000",6011
"fev 11, 2000",5994
"fev 18, 2000",5989
"fev 25, 2000",6007
"mar 03, 2000",5974
"mar 10, 2000",5857
"mar 17, 2000",5859
"mar 24, 2000",5863
"mar 31, 2000",5873
"abr 07, 2000",5820
"abr 14, 2000",5840
"abr 21, 2000",5836
"abr 28, 2000",5838
"mai 05, 2000",5798
"mai 12, 2000",5757
"mai 19, 2000",5793
"mai 26, 2000",5784
"jun 02, 2000",5704
"jun 09, 2000",5804
"jun 16, 2000",5791
"jun 23, 2000",5726
"jun 30, 2000",5732
"jul 07, 2000",5766
"jul 14, 2000",5788
"jul 21, 2000",5769
"jul 28, 2000",5764
"ago 04, 2000",5778
"ago 11, 2000",5745
"ago 18, 2000",5773
"ago 25, 2000",5782
"set 01, 2000",5783
"set 08, 2000",5802
"set 15, 2000",5803
"set 22, 2000",5680
"set 29, 2000",5862
"out 06, 2000",5867
"out 13, 2000",5864
"out 20, 2000",5880
"out 27, 2000",5894
"nov 03, 2000",5903
"nov 10, 2000",5889
"nov 17, 2000",5854
"nov 24, 2000",5883
"dez 01, 2000",5925
"dez 08, 2000",5903
"dez 15, 2000",5897
"dez 22, 2000",5875
"dez 29, 2000",5903
"jan 05, 2001",5944
"jan 12, 2001",5949
"jan 19, 2001",5912
"jan 26, 2001",5935
"fev 02, 2001",5929
"fev 09, 2001",5866
"fev 16, 2001",5857
"fev 23, 2001",5875
"mar 02, 2001",5876
"mar 09, 2001",5868
"mar 16, 2001",5883
"mar 23, 2001",5868
"mar 30, 2001",5883
"abr 06, 2001",5867
"abr 13, 2001",5855
"abr 20, 2001",5861
"abr 27, 2001",5884
"mai 04, 2001",5831
"mai 11, 2001",5780
"mai 18, 2001",5785
"mai 25, 2001",5819
"jun 01, 2001",5823
"jun 08, 2001",5746
"jun 15, 2001",5726
"jun 22, 2001",5740
"jun 29, 2001",5756
"jul 06, 2001",5756
"jul 13, 2001",5770
"jul 20, 2001",5731
"jul 27, 2001",5705
"ago 03, 2001",5745
"ago 10, 2001",5773
"ago 17, 2001",5785
"ago 24, 2001",5796
"ago 31, 2001",5751
"set 07, 2001",5829
"set 14, 2001",5814
"set 21, 2001",5789
"set 28, 2001",5735
"out 05, 2001",5736
"out 12, 2001",5515
"out 19, 2001",5828
"out 26, 2001",5879
"nov 02, 2001",5859
"nov 09, 2001",5863
"nov 16, 2001",5872
"nov 23, 2001",5882
"nov 30, 2001",5873
"dez 07, 2001",5856
"dez 14, 2001",5884
"dez 21, 2001",5911
"dez 28, 2001",5902
"jan 04, 2002",5922
"jan 11, 2002",5922
"jan 18, 2002",5911
"jan 25, 2002",5909
"fev 01, 2002",5916
"fev 08, 2002",5952
"fev 15, 2002",5927
"fev 22, 2002",5956
"mar 01, 2002",5966
"mar 08, 2002",5947
"mar 15, 2002",5975
"mar 22, 2002",5948
"mar 29, 2002",5956
"abr 05, 2002",5916
"abr 12, 2002",5922
"abr 19, 2002",5896
"abr 26, 2002",5865
"mai 03, 2002",5879
"mai 10, 2002",5889
"mai 17, 2002",5894
"mai 24, 2002",5890
"mai 31, 2002",5896
"jun 07, 2002",5897
"jun 14, 2002",5910
"jun 21, 2002",5939
"jun 28, 2002",5917
"jul 05, 2002",5898
"jul 12, 2002",5885
"jul 19, 2002",5839
"jul 26, 2002",5844
"ago 02, 2002",5604
"ago 09, 2002",5858
"ago 16, 2002",5907
"ago 23, 2002",5918
"ago 30, 2002",5883
"set 06, 2002",5773
"set 13, 2002",5716
"set 20, 2002",5736
"set 27, 2002",5190
"out 04, 2002",4803
"out 11, 2002",5490
"out 18, 2002",5721
"out 25, 2002",5714
"nov 01, 2002",5711
"nov 08, 2002",5349
"nov 15, 2002",5738
"nov 22, 2002",5754
"nov 29, 2002",5740
"dez 06, 2002",5763
"dez 13, 2002",5752
"dez 20, 2002",5758
"dez 27, 2002",5749
"jan 03, 2003",5752
"jan 10, 2003",5728
"jan 17, 2003",5702
"jan 24, 2003",5739
"jan 31, 2003",5764
"fev 07, 2003",5899
"fev 14, 2003",5906
"fev 21, 2003",5898
"fev 28, 2003",5901
"mar 07, 2003",5872
"mar 14, 2003",5886
"mar 21, 2003",5906
"mar 28, 2003",5906
"abr 04, 2003",5866
"abr 11, 2003",5801
"abr 18, 2003",5772
"abr 25, 2003",5766
"mai 02, 2003",5829
"mai 09, 2003",5855
"mai 16, 2003",5807
"mai 23, 2003",5813
"mai 30, 2003",5837
"jun 06, 2003",5803
"jun 13, 2003",5860
"jun 20, 2003",5900
"jun 27, 2003",5867
"jul 04, 2003",5815
"jul 11, 2003",5770
"jul 18, 2003",5777
"jul 25, 2003",5699
"ago 01, 2003",5738
"ago 08, 2003",5747
"ago 15, 2003",5750
"ago 22, 2003",5736
"ago 29, 2003",5723
"set 05, 2003",5727
"set 12, 2003",5703
"set 19, 2003",5739
"set 26, 2003",5734
"out 03, 2003",5678
"out 10, 2003",5559
"out 17, 2003",5605
"out 24, 2003",5614
"out 31, 2003",5550
"nov 07, 2003",5596
"nov 14, 2003",5692
"nov 21, 2003",5683
"nov 28, 2003",5709
"dez 05, 2003",5597
"dez 12, 2003",5592
"dez 19, 2003",5663
"dez 26, 2003",5658
"jan 02, 2004",5664
"jan 09, 2004",5705
"jan 16, 2004",5717
"jan 23, 2004",5709
"jan 30, 2004",5710
"fev 06, 2004",5703
"fev 13, 2004",5658
"fev 20, 2004",5622
"fev 27, 2004",5661
"mar 05, 2004",5675
"mar 12, 2004",5658
"mar 19, 2004",5657
"mar 26, 2004",5658
"abr 02, 2004",5661
"abr 09, 2004",5611
"abr 16, 2004",5588
"abr 23, 2004",5618
"abr 30, 2004",5624
"mai 07, 2004",5626
"mai 14, 2004",5611
"mai 21, 2004",5608
"mai 28, 2004",5460
"jun 04, 2004",5452
"jun 11, 2004",5411
"jun 18, 2004",5434
"jun 25, 2004",5394
"jul 02, 2004",5404
"jul 09, 2004",5485
"jul 16, 2004",5334
"jul 23, 2004",5446
"jul 30, 2004",5367
"ago 06, 2004",5414
"ago 13, 2004",5243
"ago 20, 2004",5113
"ago 27, 2004",5401
"set 03, 2004",5360
"set 10, 2004",5337
"set 17, 2004",5087
"set 24, 2004",4946
"out 01, 2004",4656
"out 08, 2004",5033
"out 15, 2004",5090
"out 22, 2004",5110
"out 29, 2004",5176
"nov 05, 2004",5319
"nov 12, 2004",5391
"nov 19, 2004",5395
"nov 26, 2004",5408
"dez 03, 2004",5396
"dez 10, 2004",5439
"dez 17, 2004",5461
"dez 24, 2004",5421
"dez 31, 2004",5430
"jan 07, 2005",5430
"jan 14, 2005",5417
"jan 21, 2005",5456
"jan 28, 2005",5437
"fev 04, 2005",5421
"fev 11, 2005",5427
"fev 18, 2005",5436
"fev 25, 2005",5492
"mar 04, 2005",5489
"mar 11, 2005",5504
"mar 18, 2005",5480
"mar 25, 2005",5496
"abr 01, 2005",5504
"abr 08, 2005",5428
"abr 15, 2005",5441
"abr 22, 2005",5415
"abr 29, 2005",5423
"mai 06, 2005",5510
"mai 13, 2005",5521
"mai 20, 2005",5539
"mai 27, 2005",5537
"jun 03, 2005",5515
"jun 10, 2005",5542
"jun 17, 2005",5541
"jun 24, 2005",5359
"jul 01, 2005",5498
"jul 08, 2005",5463
"jul 15, 2005",4758
"jul 22, 2005",5448
"jul 29, 2005",5149
"ago 05, 2005",5417
"ago 12, 2005",5359
"ago 19, 2005",5395
"ago 26, 2005",5427
"set 02, 2005",4360
"set 09, 2005",4268
"set 16, 2005",4500
"set 23, 2005",4348
"set 30, 2005",3813
"out 07, 2005",3901
"out 14, 2005",4147
"out 21, 2005",4108
"out 28, 2005",4068
"nov 04, 2005",4306
"nov 11, 2005",4583
"nov 18, 2005",4579
"nov 25, 2005",4765
"dez 02, 2005",5021
"dez 09, 2005",4933
"dez 16, 2005",4890
"dez 23, 2005",4891
"dez 30, 2005",4864
"jan 06, 2006",5023
"jan 13, 2006",5110
"jan 20, 2006",5119
"jan 27, 2006",4862
"fev 03, 2006",4903
"fev 10, 2006",5003
"fev 17, 2006",4997
"fev 24, 2006",4985
"mar 03, 2006",5054
"mar 10, 2006",5154
"mar 17, 2006",5027
"mar 24, 2006",5016
"mar 31, 2006",5024
"abr 07, 2006",5053
"abr 14, 2006",5125
"abr 21, 2006",5127
"abr 28, 2006",5122
"mai 05, 2006",5128
"mai 12, 2006",5069
"mai 19, 2006",5093
"mai 26, 2006",5088
"jun 02, 2006",5097
"jun 09, 2006",5211
"jun 16, 2006",5198
"jun 23, 2006",5162
"jun 30, 2006",5129
"jul 07, 2006",5275
"jul 14, 2006",5265
"jul 21, 2006",5141
"jul 28, 2006",4940
"ago 04, 2006",5144
"ago 11, 2006",5150
"ago 18, 2006",5087
"ago 25, 2006",5099
"set 01, 2006",5101
"set 08, 2006",5076
"set 15, 2006",5109
"set 22, 2006",5106
"set 29, 2006",5151
"out 06, 2006",5253
"out 13, 2006",5132
"out 20, 2006",5221
"out 27, 2006",5307
"nov 03, 2006",5329
"nov 10, 2006",5326
"nov 17, 2006",5269
"nov 24, 2006",5030
"dez 01, 2006",5368
"dez 08, 2006",5357
"dez 15, 2006",5348
"dez 22, 2006",5361
"dez 29, 2006",5369
"jan 05, 2007",5370
"jan 12, 2007",5317
"jan 19, 2007",5241
"jan 26, 2007",5224
"fev 02, 2007",5283
"fev 09, 2007",5316
"fev 16, 2007",5323
"fev 23, 2007",5285
"mar 02, 2007",5267
"mar 09, 2007",5218
"mar 16, 2007",5235
"mar 23, 2007",5218
"mar 30, 2007",5243
"abr 06, 2007",5179
"abr 13, 2007",5125
"abr 20, 2007",5128
"abr 27, 2007",5089
"mai 04, 2007",5131
"mai 11, 2007",5201
"mai 18, 2007",5207
"mai 25, 2007",5148
"jun 01, 2007",5180
"jun 08, 2007",5170
"jun 15, 2007",5093
"jun 22, 2007",5108
"jun 29, 2007",5122
"jul 06, 2007",5198
"jul 13, 2007",5201
"jul 20, 2007",5184
"jul 27, 2007",5206
"ago 03, 2007",5142
"ago 10, 2007",5192
"ago 17, 2007",5119
"ago 24, 2007",5161
"ago 31, 2007",5021
"set 07, 2007",5129
"set 14, 2007",5039
"set 21, 2007",5027
"set 28, 2007",5064
"out 05, 2007",5059
"out 12, 2007",5102
"out 19, 2007",5122
"out 26, 2007",5114
"nov 02, 2007",5126
"nov 09, 2007",5134
"nov 16, 2007",4942
"nov 23, 2007",5117
"nov 30, 2007",5133
"dez 07, 2007",5117
"dez 14, 2007",5110
"dez 21, 2007",5117
"dez 28, 2007",5078
"jan 04, 2008",5051
"jan 11, 2008",5013
"jan 18, 2008",5042
"jan 25, 2008",4998
"fev 01, 2008",5013
"fev 08, 2008",5044
"fev 15, 2008",5034
"fev 22, 2008",5044
"fev 29, 2008",5050
"mar 07, 2008",5100
"mar 14, 2008",5100
"mar 21, 2008",5103
"mar 28, 2008",5087
"abr 04, 2008",5097
"abr 11, 2008",5096
"abr 18, 2008",5101
"abr 25, 2008",5098
"mai 02, 2008",5099
"mai 09, 2008",5128
"mai 16, 2008",5045
"mai 23, 2008",5128
"mai 30, 2008",5139
"jun 06, 2008",5114
"jun 13, 2008",5145
"jun 20, 2008",5120
"jun 27, 2008",5123
"jul 04, 2008",4960
"jul 11, 2008",5139
"jul 18, 2008",5165
"jul 25, 2008",5160
"ago 01, 2008",5172
"ago 08, 2008",5139
"ago 15, 2008",5078
"ago 22, 2008",4906
"ago 29, 2008",5097
"set 05, 2008",4084
"set 12, 2008",3988
"set 19, 2008",3932
"set 26, 2008",3839
"out 03, 2008",4422
"out 10, 2008",4572
"out 17, 2008",4630
"out 24, 2008",4675
"out 31, 2008",4776
"nov 07, 2008",4885
"nov 14, 2008",4943
"nov 21, 2008",5006
"nov 28, 2008",5118
"dez 05, 2008",5152
"dez 12, 2008",4967
"dez 19, 2008",4972
"dez 26, 2008",4979
"jan 02, 2009",4935
"jan 09, 2009",4917
"jan 16, 2009",5052
"jan 23, 2009",5045
"jan 30, 2009",5235
"fev 06, 2009",5327
"fev 13, 2009",5323
"fev 20, 2009",5300
"fev 27, 2009",5373
"mar 06, 2009",5401
"mar 13, 2009",5414
"mar 20, 2009",5432
"mar 27, 2009",5480
"abr 03, 2009",5469
"abr 10, 2009",5482
"abr 17, 2009",5421
"abr 24, 2009",5269
"mai 01, 2009",5280
"mai 08, 2009",5306
"mai 15, 2009",5352
"mai 22, 2009",5364
"mai 29, 2009",5358
"jun 05, 2009",5358
"jun 12, 2009",5273
"jun 19, 2009",5257
"jun 26, 2009",5163
"jul 03, 2009",5171
"jul 10, 2009",5171
"jul 17, 2009",5176
"jul 24, 2009",5107
"jul 31, 2009",5246
"ago 07, 2009",5172
"ago 14, 2009",5169
"ago 21, 2009",5173
"ago 28, 2009",5244
"set 04, 2009",5266
"set 11, 2009",5304
"set 18, 2009",5300
"set 25, 2009",5375
"out 02, 2009",5360
"out 09, 2009",5377
"out 16, 2009",5371
"out 23, 2009",5357
"out 30, 2009",5391
"nov 06, 2009",5506
"nov 13, 2009",5317
"nov 20, 2009",5433
"nov 27, 2009",5561
"dez 04, 2009",5538
"dez 11, 2009",5524
"dez 18, 2009",5524
"dez 25, 2009",5512
"jan 01, 2010",5507
"jan 08, 2010",5496
"jan 15, 2010",5404
"jan 22, 2010",5421
"jan 29, 2010",5403
"fev 05, 2010",5475
"fev 12, 2010",5482
"fev 19, 2010",5505
"fev 26, 2010",5510
"mar 05, 2010",5527
"mar 12, 2010",5540
"mar 19, 2010",5536
"mar 26, 2010",5489
"abr 02, 2010",5473
"abr 09, 2010",5475
"abr 16, 2010",5466
"abr 23, 2010",5488
"abr 30, 2010",5522
"mai 07, 2010",5533
"mai 14, 2010",5516
"mai 21, 2010",5540
"mai 28, 2010",5320
"jun 04, 2010",5445
"jun 11, 2010",5503
"jun 18, 2010",5501
"jun 25, 2010",5257
"jul 02, 2010",5414
"jul 09, 2010",5352
"jul 16, 2010",5460
"jul 23, 2010",5486
"jul 30, 2010",5440
"ago 06, 2010",5239
"ago 13, 2010",5352
"ago 20, 2010",5511
"ago 27, 2010",5602
"set 03, 2010",5603
"set 10, 2010",5573
"set 17, 2010",5556
"set 24, 2010",5562
"out 01, 2010",5514
"out 08, 2010",5528
"out 15, 2010",5536
"out 22, 2010",5540
"out 29, 2010",5593
"nov 05, 2010",5596
"nov 12, 2010",5597
"nov 19, 2010",5581
"nov 26, 2010",5555
"dez 03, 2010",5582
"dez 10, 2010",5604
"dez 17, 2010",5598
"dez 24, 2010",5575
"dez 31, 2010",5598
"jan 07, 2011",5575
"jan 14, 2011",5205
"jan 21, 2011",5321
"jan 28, 2011",5568
"fev 04, 2011",5597
"fev 11, 2011",5610
"fev 18, 2011",5604
"fev 25, 2011",5591
"mar 04, 2011",5593
"mar 11, 2011",5591
"mar 18, 2011",5570
"mar 25, 2011",5568
"abr 01, 2011",5638
"abr 08, 2011",5635
"abr 15, 2011",5625
"abr 22, 2011",5610
"abr 29, 2011",5623
"mai 06, 2011",5609
"mai 13, 2011",5618
"mai 20, 2011",5583
"mai 27, 2011",5609
"jun 03, 2011",5633
"jun 10, 2011",5643
"jun 17, 2011",5650
"jun 24, 2011",5593
"jul 01, 2011",5520
"jul 08, 2011",5578
"jul 15, 2011",5591
"jul 22, 2011",5377
"jul 29, 2011",5523
"ago 05, 2011",5529
"ago 12, 2011",5561
"ago 19, 2011",5591
"ago 26, 2011",5598
"set 02, 2011",5642
"set 09, 2011",5083
"set 16, 2011",5747
"set 23, 2011",5756
"set 30, 2011",5800
"out 07, 2011",5878
"out 14, 2011",5891
"out 21, 2011",5876
"out 28, 2011",5818
"nov 04, 2011",5846
"nov 11, 2011",5894
"nov 18, 2011",5887
"nov 25, 2011",5864
"dez 02, 2011",5861
"dez 09, 2011",5862
"dez 16, 2011",5862
"dez 23, 2011",5846
"dez 30, 2011",5851
"jan 06, 2012",5844
"jan 13, 2012",5726
"jan 20, 2012",5722
"jan 27, 2012",5720
"fev 03, 2012",5763
"fev 10, 2012",5819
"fev 17, 2012",5817
"fev 24, 2012",5814
"mar 02, 2012",5806
"mar 09, 2012",5830
"mar 16, 2012",5826
"mar 23, 2012",5821
"mar 30, 2012",6049
"abr 06, 2012",6040
"abr 13, 2012",6043
"abr 20, 2012",6113
"abr 27, 2012",6121
"mai 04, 2012",6136
"mai 11, 2012",6149
"mai 18, 2012",6239
"mai 25, 2012",6227
"jun 01, 2012",6245
"jun 08, 2012",6236
"jun 15, 2012",6353
"jun 22, 2012",6257
"jun 29, 2012",6094
"jul 06, 2012",6249
"jul 13, 2012",6245
"jul 20, 2012",6364
"jul 27, 2012",6320
"ago 03, 2012",6218
"ago 10, 2012",6181
"ago 17, 2012",6246
"ago 24, 2012",6258
"ago 31, 2012",5486
"set 07, 2012",5526
"set 14, 2012",6277
"set 21, 2012",6509
"set 28, 2012",6520
"out 05, 2012",6598
"out 12, 2012",6606
"out 19, 2012",6610
"out 26, 2012",6669
"nov 02, 2012",6677
"nov 09, 2012",6709
"nov 16, 2012",6710
"nov 23, 2012",6818
"nov 30, 2012",6817
"dez 07, 2012",6852
"dez 14, 2012",6863
"dez 21, 2012",6984
"dez 28, 2012",6985
"jan 04, 2013",7002
"jan 11, 2013",7041
"jan 18, 2013",6989
"jan 25, 2013",6993
"fev 01, 2013",6997
"fev 08, 2013",7064
"fev 15, 2013",7118
"fev 22, 2013",7096
"mar 01, 2013",7093
"mar 08, 2013",7159
"mar 15, 2013",7150
"mar 22, 2013",7151
"mar 29, 2013",7151
"abr 05, 2013",7181
"abr 12, 2013",7208
"abr 19, 2013",7326
"abr 26, 2013",7312
"mai 03, 2013",7369
"mai 10, 2013",7321
"mai 17, 2013",7258
"mai 24, 2013",7292
"mai 31, 2013",7300
"jun 07, 2013",7224
"jun 14, 2013",7129
"jun 21, 2013",7261
"jun 28, 2013",7267
"jul 05, 2013",7401
"jul 12, 2013",7490
"jul 19, 2013",7555
"jul 26, 2013",7542
"ago 02, 2013",7560
"ago 09, 2013",7571
"ago 16, 2013",7518
"ago 23, 2013",7609
"ago 30, 2013",7621
"set 06, 2013",7745
"set 13, 2013",7827
"set 20, 2013",7777
"set 27, 2013",7784
"out 04, 2013",7809
"out 11, 2013",7428
"out 18, 2013",7896
"out 25, 2013",7853
"nov 01, 2013",7858
"nov 08, 2013",7981
"nov 15, 2013",7974
"nov 22, 2013",8019
"nov 29, 2013",8011
"dez 06, 2013",8075
"dez 13, 2013",8058
"dez 20, 2013",8111
"dez 27, 2013",8121
"jan 03, 2014",8145
"jan 10, 2014",8159
"jan 17, 2014",8052
"jan 24, 2014",8044
"jan 31, 2014",8044
"fev 07, 2014",8132
"fev 14, 2014",8148
"fev 21, 2014",8059
"fev 28, 2014",8077
"mar 07, 2014",8182
"mar 14, 2014",8215
"mar 21, 2014",8190
"mar 28, 2014",8192
"abr 04, 2014",8229
"abr 11, 2014",8301
"abr 18, 2014",8360
"abr 25, 2014",8352
"mai 02, 2014",8350
"mai 09, 2014",8428
"mai 16, 2014",8434
"mai 23, 2014",8472
"mai 30, 2014",8383
"jun 06, 2014",8460
"jun 13, 2014",8477
"jun 20, 2014",8446
"jun 27, 2014",8442
"jul 04, 2014",8514
"jul 11, 2014",8592
"jul 18, 2014",8565
"jul 25, 2014",8443
"ago 01, 2014",8453
"ago 08, 2014",8556
"ago 15, 2014",8577
"ago 22, 2014",8631
"ago 29, 2014",8630
"set 05, 2014",8590
"set 12, 2014",8838
"set 19, 2014",8867
"set 26, 2014",8837
"out 03, 2014",8875
"out 10, 2014",8951
"out 17, 2014",8934
"out 24, 2014",8970
"out 31, 2014",8972
"nov 07, 2014",9063
"nov 14, 2014",9004
"nov 21, 2014",9077
"nov 28, 2014",9083
"dez 05, 2014",9118
"dez 12, 2014",9137
"dez 19, 2014",9127
"dez 26, 2014",9121
"jan 02, 2015",9132
"jan 09, 2015",9192
"jan 16, 2015",9186
"jan 23, 2015",9213
"jan 30, 2015",9177
"fev 06, 2015",9226
"fev 13, 2015",9280
"fev 20, 2015",9285
"fev 27, 2015",9324
"mar 06, 2015",9366
"mar 13, 2015",9419
"mar 20, 2015",9422
"mar 27, 2015",9386
"abr 03, 2015",9404
"abr 10, 2015",9384
"abr 17, 2015",9366
"abr 24, 2015",9373
"mai 01, 2015",9369
"mai 08, 2015",9374
"mai 15, 2015",9262
"mai 22, 2015",9566
"mai 29, 2015",9586
"jun 05, 2015",9610
"jun 12, 2015",9589
"jun 19, 2015",9604
"jun 26, 2015",9595
"jul 03, 2015",9604
"jul 10, 2015",9562
"jul 17, 2015",9558
"jul 24, 2015",9413
"jul 31, 2015",9465
"ago 07, 2015",9395
"ago 14, 2015",9348
"ago 21, 2015",9337
"ago 28, 2015",9218
"set 04, 2015",9135
"set 11, 2015",9117
"set 18, 2015",9136
"set 25, 2015",9096
"out 02, 2015",9172
"out 09, 2015",9096
"out 16, 2015",9096
"out 23, 2015",9112
"out 30, 2015",9160
"nov 06, 2015",9185
"nov 13, 2015",9182
"nov 20, 2015",9165
"nov 27, 2015",9202
"dez 04, 2015",9164
"dez 11, 2015",9176
"dez 18, 2015",9179
"dez 25, 2015",9202
"jan 01, 2016",9219
"jan 08, 2016",9227
"jan 15, 2016",9235
"jan 22, 2016",9221
"jan 29, 2016",9214
"fev 05, 2016",9186
"fev 12, 2016",9135
"fev 19, 2016",9102
"fev 26, 2016",9077
"mar 04, 2016",9078
"mar 11, 2016",9068
"mar 18, 2016",9038
"mar 25, 2016",9022
"abr 01, 2016",9008
"abr 08, 2016",8977
"abr 15, 2016",8953
"abr 22, 2016",8938
"abr 29, 2016",8825
"mai 06, 2016",8802
"mai 13, 2016",8791
"mai 20, 2016",8767
"mai 27, 2016",8735
"jun 03, 2016",8745
"jun 10, 2016",8716
"jun 17, 2016",8677
"jun 24, 2016",8622
"jul 01, 2016",8428
"jul 08, 2016",8485
"jul 15, 2016",8494
"jul 22, 2016",8515
"jul 29, 2016",8460
"ago 05, 2016",8445
"ago 12, 2016",8597
"ago 19, 2016",8548
"ago 26, 2016",8488
"set 02, 2016",8458
"set 09, 2016",8493
"set 16, 2016",8512
"set 23, 2016",8497
"set 30, 2016",8467
"out 07, 2016",8450
"out 14, 2016",8464
"out 21, 2016",8504
"out 28, 2016",8522
"nov 04, 2016",8692
"nov 11, 2016",8681
"nov 18, 2016",8690
"nov 25, 2016",8699
"dez 02, 2016",8697
"dez 09, 2016",8796
"dez 16, 2016",8786
"dez 23, 2016",8766
"dez 30, 2016",8770
"jan 06, 2017",8946
"jan 13, 2017",8944
"jan 20, 2017",8961
"jan 27, 2017",8915
"fev 03, 2017",8978
"fev 10, 2017",8977
"fev 17, 2017",9001
"fev 24, 2017",9032
"mar 03, 2017",9088
"mar 10, 2017",9109
"mar 17, 2017",9129
"mar 24, 2017",9147
"mar 31, 2017",9199
"abr 07, 2017",9235
"abr 14, 2017",9252
"abr 21, 2017",9265
"abr 28, 2017",9293
"mai 05, 2017",9314
"mai 12, 2017",9305
"mai 19, 2017",9320
"mai 26, 2017",9342
"jun 02, 2017",9318
"jun 09, 2017",9330
"jun 16, 2017",9350
"jun 23, 2017",9250
"jun 30, 2017",9338
"jul 07, 2017",9397
"jul 14, 2017",9429
"jul 21, 2017",9410
"jul 28, 2017",9430
"ago 04, 2017",9423
"ago 11, 2017",9502
"ago 18, 2017",9528
"ago 25, 2017",9530
"set 01, 2017",8781
"set 08, 2017",9353
"set 15, 2017",9510
"set 22, 2017",9547
"set 29, 2017",9561
"out 06, 2017",9480
"out 13, 2017",8406
"out 20, 2017",9507
"out 27, 2017",9553
"nov 03, 2017",9620
"nov 10, 2017",9645
"nov 17, 2017",9658
"nov 24, 2017",9682
"dez 01, 2017",9707
"dez 08, 2017",9780
"dez 15, 2017",9789
"dez 22, 2017",9754
"dez 29, 2017",9782
"jan 05, 2018",9492
"jan 12, 2018",9750
"jan 19, 2018",9878
"jan 26, 2018",9919
"fev 02, 2018",10251
"fev 09, 2018",10271
"fev 16, 2018",10270
"fev 23, 2018",10283
"mar 02, 2018",10369
"mar 09, 2018",10381
"mar 16, 2018",10407
"mar 23, 2018",10433
"mar 30, 2018",10460
"abr 06, 2018",10525
"abr 13, 2018",10540
"abr 20, 2018",10586
"abr 27, 2018",10619
"mai 04, 2018",10703
"mai 11, 2018",10723
"mai 18, 2018",10725
"mai 25, 2018",10769
"jun 01, 2018",10800
"jun 08, 2018",10900
"jun 15, 2018",10900
"jun 22, 2018",10900
"jun 29, 2018",10900
"jul 06, 2018",10900
"jul 13, 2018",11000
"jul 20, 2018",11000
"jul 27, 2018",10900
"ago 03, 2018",10800
"ago 10, 2018",10900
"ago 17, 2018",11000
"ago 24, 2018",11000
"ago 31, 2018",11000
"set 07, 2018",10900
"set 14, 2018",11000
"set 21, 2018",11100
"set 28, 2018",11100
"out 05, 2018",11200
"out 12, 2018",10900
"out 19, 2018",10900
"out 26, 2018",11200
"nov 02, 2018",11600
"nov 09, 2018",11700
"nov 16, 2018",11700
"nov 23, 2018",11700
"nov 30, 2018",11700
"dez 07, 2018",11600
"dez 14, 2018",11600
"dez 21, 2018",11700
"dez 28, 2018",11700
"jan 04, 2019",11700
"jan 11, 2019",11900
"jan 18, 2019",11900
"jan 25, 2019",11900
"fev 01, 2019",11900
"fev 08, 2019",11900
"fev 15, 2019",12000
"fev 22, 2019",12100
"mar 01, 2019",12100
"mar 08, 2019",12000
"mar 15, 2019",12100
"mar 22, 2019",12100
"mar 29, 2019",12200
"abr 05, 2019",12200
"abr 12, 2019",12100
"abr 19, 2019",12200
"abr 26, 2019",12300
"mai 03, 2019",12200
"mai 10, 2019",12100
"mai 17, 2019",12200
"mai 24, 2019",12300
"mai 31, 2019",12400
"jun 07, 2019",12300
"jun 14, 2019",12200
"jun 21, 2019",12100
"jun 28, 2019",12200
"jul 05, 2019",12300
"jul 12, 2019",12000
"jul 19, 2019",11300
"jul 26, 2019",12200
"ago 02, 2019",12300
"ago 09, 2019",12300
"ago 16, 2019",12300
"ago 23, 2019",12500
"ago 30, 2019",12400
"set 06, 2019",12400
"set 13, 2019",12400
"set 20, 2019",12500
"set 27, 2019",12400
"out 04, 2019",12600
"out 11, 2019",12600
"out 18, 2019",12600
"out 25, 2019",12600
"nov 01, 2019",12600
"nov 08, 2019",12800
"nov 15, 2019",12800
"nov 22, 2019",12900
"nov 29, 2019",12900
"dez 06, 2019",12800
"dez 13, 2019",12800
"dez 20, 2019",12900
"dez 27, 2019",12900
"jan 03, 2020",12900
"jan 10, 2020",13000
"jan 17, 2020",13000
"jan 24, 2020",13000
"jan 31, 2020",12900
"fev 07, 2020",13000
"fev 14, 2020",13000
"fev 21, 2020",13000
"fev 28, 2020",13100
"mar 06, 2020",13000
"mar 13, 2020",13100
"mar 20, 2020",13000
"mar 27, 2020",13000
"abr 03, 2020",12400
"abr 10, 2020",12300
"abr 17, 2020",12200
"abr 24, 2020",12100
"mai 01, 2020",11900
"mai 08, 2020",11600
"mai 15, 2020",11500
"mai 22, 2020",11400
"mai 29, 2020",11200
"jun 05, 2020",11100
"jun 12, 2020",10500
"jun 19, 2020",11000
"jun 26, 2020",11000
"jul 03, 2020",11000
"jul 10, 2020",11000
"jul 17, 2020",11100
"jul 24, 2020",11100
"jul 31, 2020",11000
"ago 07, 2020",10700
"ago 14, 2020",10700
"ago 21, 2020",10800
"ago 28, 2020",9700
"set 04, 2020",10000
"set 11, 2020",10900
"set 18, 2020",10700
"set 25, 2020",10700
"out 02, 2020",11000
"out 09, 2020",10500
"out 16, 2020",9900
"out 23, 2020",11100
"out 30, 2020",10500
"nov 06, 2020",10500
"nov 13, 2020",10900
"nov 20, 2020",11000
"nov 27, 2020",11100
"dez 04, 2020",11100
"dez 11, 2020",11000
"dez 18, 2020",11000
"dez 25, 2020",11000
"jan 01, 2021",11000
"jan 08, 2021",11000
"jan 15, 2021",11000
"jan 22, 2021",10900
"jan 29, 2021",10900
"fev 05, 2021",11000
"fev 12, 2021",10800
"fev 19, 2021",9700
"fev 26, 2021",10000
"mar 05, 2021",10900
"mar 12, 2021",10900
"mar 19, 2021",11000
"mar 26, 2021",11100
"abr 02, 2021",10900
"abr 09, 2021",11000
"abr 16, 2021",11000
"abr 23, 2021",10900
"abr 30, 2021",10900
"mai 07, 2021",11000
"mai 14, 2021",11000
"mai 21, 2021",11000
"mai 28, 2021",10800
"jun 04, 2021",11000
"jun 11, 2021",11200
"jun 18, 2021",11100
"jun 25, 2021",11100
"jul 02, 2021",11300
"jul 09, 2021",11400
"jul 16, 2021",11400
"jul 23, 2021",11200
"jul 30, 2021",11200
"ago 06, 2021",11300
"ago 13, 2021",11400
"ago 20, 2021",11400
"ago 27, 2021",11500
"set 03, 2021",10000
"set 10, 2021",10100
"set 17, 2021",10600
"set 24, 2021",11100
"out 01, 2021",11300
"out 08, 2021",11400
"out 15, 2021",11300
"out 22, 2021",11300
"out 29, 2021",11500
"nov 05, 2021",11500
"nov 12, 2021",11400
"nov 19, 2021",11500
"nov 26, 2021",11600
"dez 03, 2021",11700
"dez 10, 2021",11700
"dez 17, 2021",11600
"dez 24, 2021",11800
"dez 31, 2021",11800
"jan 07, 2022",11700
"jan 14, 2022",11700
"jan 21, 2022",11600
"jan 28, 2022",11500
"fev 04, 2022",11600
"fev 11, 2022",11600
"fev 18, 2022",11600
"fev 25, 2022",11600
"mar 04, 2022",11600
"mar 11, 2022",11600
"mar 18, 2022",11600
"mar 25, 2022",11700
"abr 01, 2022",11800
"abr 08, 2022",11800
"abr 15, 2022",11900
"abr 22, 2022",11900
"abr 29, 2022",11900
"mai 06, 2022",11800
"mai 13, 2022",11900
"mai 20, 2022",11900
"mai 27, 2022",11900
"jun 03, 2022",11900
"jun 10, 2022",12000
"jun 17, 2022",12000
"jun 24, 2022",12100
"jul 01, 2022",12100
"jul 08, 2022",12000
"jul 15, 2022",11900
"jul 22, 2022",12100
"jul 29, 2022",12100
"ago 05, 2022",12200
"ago 12, 2022",12100
"ago 19, 2022",12000
"ago 26, 2022",12100
"set 02, 2022",12100
"set 09, 2022",12100
"set 16, 2022",12100
"set 23, 2022",12000
"set 30, 2022",12000
"out 07, 2022",11900
"out 14, 2022",12000
"out 21, 2022",12000
"out 28, 2022",11900
"nov 04, 2022",12100
"nov 11, 2022",12100
"nov 18, 2022",12100
"nov 25, 2022",12100
"dez 02, 2022",12200
"dez 09, 2022",12100
"dez 16, 2022",12100
"dez 23, 2022",12000
"dez 30, 2022",12100
"jan 06, 2023",12200
"jan 13, 2023",12200
"jan 20, 2023",12200
"jan 27, 2023",12200
"fev 03, 2023",12300
"fev 10, 2023",12300
"fev 17, 2023",12300
"fev 24, 2023",12300
"mar 03, 2023",12200
"mar 10, 2023",12200
"mar 17, 2023",12300
"mar 24, 2023",12200
"mar 31, 2023",12200
"abr 07, 2023",12300
"abr 14, 2023",12300
"abr 21, 2023",12200
"abr 28, 2023",12300
"mai 05, 2023",12300
"mai 12, 2023",12200
"mai 19, 2023",12300
"mai 26, 2023",12200
"jun 02, 2023",12400
"jun 09, 2023",12400
"jun 16, 2023",12200
"jun 23, 2023",12200
"jun 30, 2023",12400
"jul 07, 2023",12300
"jul 14, 2023",12300
"jul 21, 2023",12200
"jul 28, 2023",12200
"ago 04, 2023",12600
"ago 11, 2023",12700
"ago 18, 2023",12800
"ago 25, 2023",12800
"set 01, 2023",12800
"set 08, 2023",12900
"set 15, 2023",12900
"set 22, 2023",12900
"set 29, 2023",12900
"out 06, 2023",13200
"out 13, 2023",13200
"out 20, 2023",13200
"out 27, 2023",13200
"nov 03, 2023",13200
"nov 10, 2023",13200
"nov 17, 2023",13200
"nov 24, 2023",13200
"dez 01, 2023",13100
"dez 08, 2023",13100
"dez 15, 2023",13300
"dez 22, 2023",13300
"dez 29, 2023",13200
"jan 05, 2024",13200
"jan 12, 2024",13300
"jan 19, 2024",12300
"jan 26, 2024",13000
"fev 02, 2024",13300
"fev 09, 2024",13300
"fev 16, 2024",13300
"fev 23, 2024",13300
"mar 01, 2024",13200
"mar 08, 2024",13100
"mar 15, 2024",13100
"mar 22, 2024",13100
"mar 29, 2024",13100
"abr 05, 2024",13100
"abr 12, 2024",13100
"abr 19, 2024",13100
"abr 26, 2024",13100
"mai 03, 2024",13100
"mai 10, 2024",13100
"mai 17, 2024",13100
"mai 24, 2024",13100
"mai 31, 2024",13100
"jun 07, 2024",13200
"jun 14, 2024",13200
"jun 21, 2024",13200
"jun 28, 2024",13200
"jul 05, 2024",13300
"jul 12, 2024",13300
"jul 19, 2024",13300
"jul 26, 2024",13300
"ago 02, 2024",13400
"ago 09, 2024",13300
"ago 16, 2024",13400
"ago 23, 2024",13300
"ago 30, 2024",13300
"set 06, 2024",13300
"set 13, 2024",13200
"set 20, 2024",13200
"set 27, 2024",13300
"out 04, 2024",13400
"out 11, 2024",13500
"out 18, 2024",13500
"out 25, 2024",13500
"nov 01, 2024",13500
"nov 08, 2024",13400
"nov 15, 2024",13201
"nov 22, 2024",13493
"nov 29, 2024",13513
"dez 06, 2024",13631
"dez 13, 2024",13604
"dez 20, 2024",13585
"dez 27, 2024",13573
"jan 03, 2025",13563
"jan 10, 2025",13481
"jan 17, 2025",13477
"jan 24, 2025",13240
"jan 31, 2025",13478
"fev 07, 2025",13494
"fev 14, 2025",13497
"fev 21, 2025",13502
"fev 28, 2025",13508
"mar 07, 2025",13575
"mar 14, 2025",13573
"mar 21, 2025",13574
"mar 28, 2025",13580
"abr 04, 2025",13458
"abr 11, 2025",13462
"abr 18, 2025",13460
"abr 25, 2025",13465
"mai 02, 2025",13367
"mai 09, 2025",13387
"mai 16, 2025",13392
"mai 23, 2025",13401
"mai 30, 2025",13408
"jun 06, 2025",13428
"jun 13, 2025",13431
"jun 20, 2025",13435
"jun 27, 2025",13433
"jul 04, 2025",13385
"jul 11, 2025",13375
"jul 18, 2025",13273
"jul 25, 2025",13314
"ago 01, 2025",13284
"ago 08, 2025",13327
"ago 15, 2025",13382
"ago 22, 2025",13439
"ago 29, 2025",13423
"set 05, 2025",13495
"set 12, 2025",13482
"set 19, 2025",13501
"set 26, 2025",13505
"out 03, 2025",13629
"out 10, 2025",13636
"out 17, 2025",13629
"out 24, 2025",13644
"out 31, 2025",13651
"nov 07, 2025",13862
"nov 14, 2025",13834
"nov 21, 2025",13814
"nov 28, 2025",13815
"dez 05, 2025",13853
"dez 12, 2025",13843
"dez 19, 2025",13825
"dez 26, 2025",13827
"jan 02, 2026",13811
"jan 09, 2026",13753
"jan 16, 2026",13732
"jan 23, 2026",13696
"jan 30, 2026",13215
"fev 06, 2026",13713
"fev 13, 2026",13735
"fev 20, 2026",13702
"fev 27, 2026",13696
"mar 06, 2026",13678
